<events><event><month/><day>0</day><year/><text>Dead Date Cell</text><popuplink/><style>scEventBlack</style><tooltip/><script/></event><event><month/><day>1</day><year/><text>&lt;span style='font:bold 10pt verdana;'&gt;First Day&lt;/span&gt; of the Month</text><popuplink/><style/><tooltip/><script/></event><event><month/><day>2</day><year/><text>&lt;span style='font:bold 10pt verdana;'&gt;Second Day&lt;/span&gt; of the Month</text><popuplink/><style/><tooltip/><script/></event><event><month/><day>4</day><year/><text>&lt;center&gt;&lt;img src='../../scimages/earth.gif' border='0'/&gt;&lt;br/&gt;Image (earth)&lt;/center&gt;</text><popuplink>http://www.scriptcalendar.com/scrptcal/faq.aspx#Image</popuplink><style/><tooltip/><script/></event><event><month/><day>5</day><year/><text>&lt;center&gt;&lt;img src='../../scimages/monitor.gif' border='0'/&gt;&lt;br/&gt;Image (monitor)&lt;/center&gt;</text><popuplink>http://www.scriptcalendar.com/scrptcal/faq.aspx#Image</popuplink><style/><tooltip/><script/></event><event><month/><day>7</day><year/><text>Pop-up window event example</text><popuplink>http://www.scriptcalendar.com/scrptcal/faq.aspx#Popup</popuplink><style/><tooltip/><script/></event><event><month/><day>8</day><year/><text>Pop-up window event example</text><popuplink>http://www.scriptcalendar.com/scrptcal/faq.aspx#Popup</popuplink><style/><tooltip/><script/></event><event><month/><day>10</day><year/><text>Each event uses Every Month feature</text><popuplink>http://www.scriptcalendar.com/scrptcal/faq.aspx#NullMonth</popuplink><style/><tooltip/><script/></event><event><month/><day>11</day><year/><text>Each event uses Every Month feature</text><popuplink>http://www.scriptcalendar.com/scrptcal/faq.aspx#NullMonth</popuplink><style/><tooltip/><script/></event><event><month/><day>13</day><year/><text>Purchase the calendar</text><popuplink>http://www.scriptcalendar.com/scrptcal/purchase1.aspx</popuplink><style/><tooltip/><script/></event><event><month/><day>14</day><year/><text>Purchase the calendar</text><popuplink>http://www.scriptcalendar.com/scrptcal/purchase1.aspx</popuplink><style/><tooltip/><script/></event><event><month/><day>16</day><year/><text>&lt;a href='http://www.scriptcalendar.com/scrptcal/faq.aspx'&gt;hyperlink&lt;/a&gt; example</text><popuplink/><style/><tooltip/><script/></event><event><month/><day>17</day><year/><text>&lt;a href='http://www.scriptcalendar.com/scrptcal/faq.aspx'&gt;hyperlink&lt;/a&gt; example</text><popuplink/><style/><tooltip/><script/></event><event><month/><day>19</day><year/><text>Custom color event example</text><popuplink/><style>scEventRed</style><tooltip/><script/></event><event><month/><day>20</day><year/><text>Custom color event example</text><popuplink/><style>scEventOrange</style><tooltip/><script/></event><event><month/><day>22</day><year/><text>Tooltip example</text><popuplink/><style/><tooltip>this is a tooltip</tooltip><script/></event><event><month/><day>23</day><year/><text>Tooltip example</text><popuplink/><style/><tooltip>this is a tooltip</tooltip><script/></event><event><month/><day>25</day><year/><text>Script example</text><popuplink/><style/><tooltip/><script>alert('javascript alert')</script></event><event><month/><day>26</day><year/><text>Script example</text><popuplink/><style/><tooltip/><script>alert('javascript alert')</script></event><event><month/><day>28</day><year/><text>multiple events</text><popuplink/><style>scEventRed</style><tooltip/><script/></event><event><month/><day>28</day><year/><text>multiple events</text><popuplink/><style>scEventOrange</style><tooltip/><script/></event><event><month/><day>28</day><year/><text>multiple events</text><popuplink/><style>scEventYellow</style><tooltip/><script/></event><event><month/><day>28</day><year/><text>multiple events</text><popuplink/><style>scEventGreen</style><tooltip/><script/></event><event><month/><day>28</day><year/><text>multiple events</text><popuplink/><style>scEventBlue</style><tooltip/><script/></event><event><month/><day>29</day><year/><text>multiple events</text><popuplink/><style>scEventRed</style><tooltip/><script/></event><event><month/><day>29</day><year/><text>multiple events</text><popuplink/><style>scEventOrange</style><tooltip/><script/></event><event><month/><day>29</day><year/><text>multiple events</text><popuplink/><style>scEventYellow</style><tooltip/><script/></event><event><month/><day>29</day><year/><text>multiple events</text><popuplink/><style>scEventGreen</style><tooltip/><script/></event><event><month/><day>29</day><year/><text>multiple events</text><popuplink/><style>scEventBlue</style><tooltip/><script/></event><mode>editor</mode></events>
